Order-Id,Item-id,Product-Id,Quantity,Sales-Id,Customer-Id,Sales-Price-Per-Prod,Market-Segment
0,0,13,18,8,19,101,financial
1,1,16,14,3,0,160,software
2,2,3,16,4,8,196,realestate
3,3,9,7,5,12,93,pharmaceutical
4,4,2,26,2,11,211,financial
5,5,0,15,5,1,121,financial
6,6,6,5,0,21,49,realestate
7,7,5,17,7,0,125,education
8,8,14,23,6,12,183,education
9,9,4,5,9,9,145,financial
10,10,15,23,9,20,179,retail
11,11,17,18,5,5,199,retail
12,12,12,2,1,3,97,realestate
13,13,9,6,6,17,63,software
14,14,5,22,6,3,121,education
15,15,18,19,1,20,96,financial
16,16,1,14,4,17,179,education
17,17,8,11,1,17,162,financial
18,18,14,19,5,5,179,realestate
19,19,5,5,7,28,120,software
20,20,7,20,2,15,164,realestate
21,21,16,14,2,23,152,education
22,22,18,22,2,28,95,pharmaceutical
23,23,2,25,5,6,217,realestate
24,24,9,12,1,24,81,retail
25,25,16,14,9,23,146,software
26,26,7,4,8,22,129,financial
27,27,15,20,8,8,181,realestate
28,28,13,7,7,2,124,pharmaceutical
29,29,3,12,4,1,211,software
30,30,8,11,7,26,147,software
31,31,4,19,0,23,172,retail
32,32,10,26,7,1,127,education
33,33,17,5,7,2,202,financial
34,34,10,22,4,3,120,education
35,35,15,16,6,6,214,realestate
36,36,9,29,9,23,105,realestate
37,37,19,19,7,22,90,education
38,38,11,19,4,4,138,retail
39,39,15,6,2,18,210,software
40,40,0,3,9,23,122,software
41,41,18,8,7,1,66,financial
42,42,6,24,7,1,62,realestate
43,43,5,20,2,14,124,pharmaceutical
44,44,16,8,2,25,159,software
45,45,15,20,5,22,200,education
46,46,17,23,3,0,198,retail
47,47,12,0,4,29,78,realestate
48,48,0,18,4,15,122,software
49,49,3,28,2,21,196,realestate
50,50,5,0,7,27,108,software
51,51,3,6,3,1,165,software
52,52,10,0,1,19,124,software
53,53,15,17,3,12,207,pharmaceutical
54,54,12,24,5,23,78,education
55,55,17,15,2,9,189,software
56,56,3,19,8,19,172,education
57,57,12,26,7,6,94,education
58,58,5,5,8,16,96,education
59,59,8,4,8,6,165,retail
60,60,12,26,8,7,95,realestate
61,61,18,12,0,12,71,financial
62,62,8,29,4,15,193,retail
63,63,2,24,2,9,203,education
64,64,15,10,4,6,199,software
65,65,10,21,6,20,127,financial
66,66,18,25,3,11,84,realestate
67,67,14,11,1,25,188,retail
68,68,17,22,2,26,197,education
69,69,10,11,9,21,99,software
70,70,15,21,7,9,192,education
71,71,3,22,4,16,186,retail
72,72,9,27,7,4,54,financial
73,73,13,7,8,2,124,software
74,74,4,27,6,22,167,software
75,75,8,24,1,25,166,pharmaceutical
76,76,15,5,9,4,220,software
77,77,8,15,1,22,132,realestate
78,78,1,16,6,11,226,retail
79,79,16,29,0,5,162,software
80,80,0,2,1,5,120,pharmaceutical
81,81,8,14,1,18,186,retail
82,82,11,20,6,18,109,software
83,83,12,25,5,13,94,education
84,84,4,15,1,6,139,pharmaceutical
85,85,5,3,7,23,96,realestate
86,86,16,28,4,3,160,software
87,87,19,23,3,14,75,retail
88,88,18,8,1,12,85,education
89,89,11,18,6,11,91,education
90,90,3,18,4,11,166,financial
91,91,10,17,2,4,154,education
92,92,7,5,4,28,151,education
93,93,9,20,6,25,73,software
94,94,7,18,2,25,136,realestate
95,95,14,15,7,9,181,software
96,96,3,21,7,5,194,pharmaceutical
97,97,0,20,9,29,119,software
98,98,8,5,5,22,170,software
99,99,11,25,3,2,117,education
100,100,11,7,0,5,120,education
101,101,7,14,6,25,120,realestate
102,102,12,29,2,3,107,realestate
103,103,13,8,3,26,117,education
104,104,16,29,0,10,154,realestate
105,105,13,19,7,7,145,financial
106,106,0,26,8,9,123,pharmaceutical
107,107,10,9,2,19,123,software
108,108,4,27,0,24,181,retail
109,109,18,18,2,11,85,realestate
110,110,15,24,8,20,186,software
111,111,3,4,1,23,174,retail
112,112,9,16,2,25,43,financial
113,113,19,7,0,7,80,pharmaceutical
114,114,14,9,0,17,193,realestate
115,115,13,28,9,17,108,retail
116,116,7,3,0,15,153,software
117,117,1,2,8,4,178,financial
118,118,18,11,4,4,92,education
119,119,18,22,8,0,62,education
120,120,0,22,7,23,123,realestate
121,121,10,0,9,24,128,realestate
122,122,14,6,4,13,187,retail
123,123,16,22,4,15,153,education
124,124,12,12,3,27,95,financial
125,125,19,17,1,8,118,financial
126,126,1,15,7,25,196,financial
127,127,14,21,2,18,185,pharmaceutical
128,128,3,15,9,29,205,pharmaceutical
129,129,14,18,0,13,197,realestate
130,130,19,18,6,12,107,realestate
131,131,12,17,5,0,103,software
132,132,3,28,1,11,200,software
133,133,4,9,4,23,191,education
134,134,17,23,2,4,190,realestate
135,135,10,18,5,20,98,pharmaceutical
136,136,6,26,8,4,80,retail
137,137,2,22,9,23,212,realestate
138,138,15,5,9,8,208,software
139,139,6,26,9,27,67,education
140,140,9,25,9,18,90,software
141,141,14,24,8,22,180,software
142,142,18,20,2,3,65,pharmaceutical
143,143,18,10,6,0,79,education
144,144,0,11,0,25,121,realestate
145,145,4,1,3,29,155,financial
146,146,3,12,4,7,188,realestate
147,147,9,19,8,24,79,realestate
148,148,13,8,8,4,90,software
149,149,16,11,8,27,156,retail
150,150,10,20,3,0,133,education
151,151,5,19,5,8,92,pharmaceutical
152,152,16,28,2,2,146,software
153,153,3,2,6,2,189,software
154,154,6,7,5,13,39,pharmaceutical
155,155,19,24,2,0,92,software
156,156,17,18,7,24,199,financial
157,157,14,17,8,28,185,education
158,158,13,19,5,22,87,education
159,159,3,24,0,10,192,software
160,160,14,8,9,24,194,education
161,161,0,23,8,24,123,financial
162,162,0,1,3,4,122,education
163,163,16,11,1,19,160,software
164,164,4,24,7,28,137,financial
165,165,5,23,3,6,135,realestate
166,166,9,20,6,2,75,financial
167,167,8,22,1,6,159,education
168,168,1,19,6,21,235,education
169,169,17,27,7,28,186,education
170,170,0,8,3,14,120,financial
171,171,16,17,9,8,159,software
172,172,12,21,8,15,83,pharmaceutical
173,173,19,20,3,1,115,retail
174,174,2,2,5,3,206,retail
175,175,15,10,7,22,188,software
176,176,8,11,0,11,185,pharmaceutical
177,177,16,2,6,0,160,retail
178,178,4,9,2,7,142,education
179,179,1,0,1,13,161,realestate
180,180,11,20,6,18,133,education
181,181,17,0,3,13,193,pharmaceutical
182,182,8,22,4,28,175,retail
183,183,11,14,3,14,111,pharmaceutical
184,184,3,12,9,6,208,retail
185,185,8,9,2,8,139,education
186,186,18,5,2,27,93,software
187,187,18,23,6,9,80,realestate
188,188,19,6,0,27,73,retail
189,189,11,3,4,16,111,software
190,190,13,9,5,16,122,financial
191,191,13,22,0,18,145,retail
192,192,0,16,4,11,119,retail
193,193,10,21,0,26,150,pharmaceutical
194,194,6,28,8,11,66,pharmaceutical
195,195,12,25,0,14,105,software
196,196,16,11,8,22,155,financial
197,197,8,27,9,10,184,software
198,198,10,28,7,23,151,pharmaceutical
199,199,15,27,5,29,208,realestate
200,200,4,8,1,6,154,retail
201,201,16,1,8,1,161,realestate
202,202,8,11,2,15,194,software
203,203,17,18,0,7,200,retail
204,204,2,7,9,26,213,retail
205,205,18,21,6,6,87,software
206,206,7,17,3,25,125,retail
207,207,3,5,2,24,204,realestate
208,208,9,12,7,26,54,realestate
209,209,17,12,2,11,198,financial
210,210,13,28,6,20,97,retail
211,211,12,4,3,29,94,realestate
212,212,5,2,8,8,98,financial
213,213,17,2,1,17,204,financial
214,214,9,26,7,16,67,pharmaceutical
215,215,1,3,2,28,193,financial
216,216,7,26,2,14,165,software
217,217,15,25,7,4,209,pharmaceutical
218,218,7,17,1,27,119,software
219,219,17,21,0,1,191,software
220,220,10,29,7,2,105,realestate
221,221,5,9,7,12,137,realestate
222,222,12,6,9,3,94,realestate
223,223,4,4,3,6,141,retail
224,224,13,21,6,0,140,software
225,225,8,26,7,27,116,pharmaceutical
226,226,14,5,9,16,186,software
227,227,7,24,5,9,158,education
228,228,9,15,3,27,66,pharmaceutical
229,229,3,10,4,26,210,education
230,230,11,4,9,26,141,financial
231,231,13,25,1,14,113,financial
232,232,3,25,3,7,169,financial
233,233,5,12,6,29,134,pharmaceutical
234,234,3,2,4,17,200,education
235,235,8,22,2,13,145,financial
236,236,18,20,0,24,92,financial
237,237,15,20,3,16,205,realestate
238,238,12,5,0,13,88,software
239,239,18,6,6,2,94,software
240,240,19,22,4,16,108,education
241,241,1,29,7,20,194,pharmaceutical
242,242,5,5,7,19,127,financial
243,243,14,15,0,11,179,retail
244,244,18,13,7,14,81,realestate
245,245,12,20,6,3,78,realestate
246,246,15,15,9,26,214,financial
247,247,0,4,6,24,119,retail
248,248,18,14,2,24,85,pharmaceutical
249,249,18,29,5,28,84,software
250,250,16,5,8,1,159,software
251,251,17,11,6,14,197,realestate
252,252,6,3,3,2,67,retail
253,253,6,12,8,20,73,financial
254,254,2,3,2,20,219,realestate
255,255,8,11,1,19,118,software
256,256,18,17,6,29,80,software
257,257,18,14,0,3,74,retail
258,258,4,25,8,27,147,financial
259,259,6,11,0,15,79,retail
260,260,4,17,0,20,186,realestate
261,261,18,22,9,16,57,financial
262,262,16,7,6,29,158,retail
263,263,5,18,3,7,106,education
264,264,3,28,6,17,176,financial
265,265,7,14,4,8,151,software
266,266,4,13,0,5,191,education
267,267,13,25,2,25,130,education
268,268,18,8,8,0,54,financial
269,269,9,8,5,14,67,pharmaceutical
270,270,11,24,6,22,119,financial
271,271,15,0,5,0,217,software
272,272,3,15,2,27,186,education
273,273,3,23,1,28,192,education
274,274,17,28,8,10,193,financial
275,275,4,18,6,6,167,realestate
276,276,12,1,6,21,103,retail
277,277,10,3,3,27,114,financial
278,278,11,19,9,13,99,retail
279,279,10,0,6,0,101,software
280,280,7,5,3,1,155,realestate
281,281,0,5,9,5,119,retail
282,282,17,4,8,20,199,retail
283,283,9,10,4,25,68,retail
284,284,2,12,8,10,205,software
285,285,15,28,3,12,178,financial
286,286,7,6,9,13,134,pharmaceutical
287,287,1,13,0,17,190,pharmaceutical
288,288,6,18,9,8,39,retail
289,289,1,21,1,13,196,realestate
290,290,11,0,9,11,98,retail
291,291,19,13,8,20,113,retail
292,292,8,27,6,16,202,realestate
293,293,11,5,0,24,118,pharmaceutical
294,294,12,10,2,8,109,education
295,295,19,2,4,22,116,pharmaceutical
296,296,15,23,5,18,220,education
297,297,14,5,3,2,188,pharmaceutical
298,298,19,17,8,19,92,software
299,299,17,24,5,0,200,software
300,300,4,1,3,14,178,retail
301,301,2,11,1,16,207,education
302,302,15,18,1,26,210,retail
303,303,4,5,5,26,143,realestate
304,304,16,19,8,22,149,realestate
305,305,19,20,7,11,109,financial
306,306,16,10,9,13,150,software
307,307,17,22,9,23,191,retail
308,308,17,16,7,21,185,pharmaceutical
309,309,14,29,0,0,193,realestate
310,310,14,3,3,10,187,realestate
311,311,4,12,0,16,169,realestate
312,312,19,15,3,23,112,pharmaceutical
313,313,6,11,3,2,56,pharmaceutical
314,314,16,10,4,12,147,pharmaceutical
315,315,6,19,2,4,80,financial
316,316,3,2,7,28,191,retail
317,317,15,0,8,21,201,realestate
318,318,7,18,8,6,136,education
319,319,14,26,0,14,195,software
320,320,5,20,0,21,120,pharmaceutical
321,321,19,15,5,0,87,software
322,322,19,1,8,27,82,pharmaceutical
323,323,1,6,0,1,211,financial
324,324,19,17,2,15,102,education
325,325,15,24,1,17,212,education
326,326,1,18,6,26,184,software
327,327,2,9,9,10,214,retail
328,328,15,5,9,18,202,realestate
329,329,3,9,8,16,186,realestate
330,330,13,17,2,19,119,pharmaceutical
331,331,19,22,6,9,105,education
332,332,1,21,0,19,193,retail
333,333,3,26,6,26,197,retail
334,334,4,5,3,2,149,software
335,335,0,21,4,28,122,retail
336,336,6,4,7,4,41,software
337,337,5,6,4,20,138,pharmaceutical
338,338,19,23,0,4,100,retail
339,339,5,19,9,25,114,education
340,340,18,0,9,20,78,realestate
341,341,12,4,1,24,107,financial
342,342,18,16,8,28,100,realestate
343,343,18,4,8,12,66,software
344,344,5,24,1,27,128,realestate
345,345,6,27,6,8,46,education
346,346,14,19,9,15,184,financial
347,347,7,2,2,14,139,education
348,348,1,7,5,10,228,software
349,349,11,29,4,28,103,financial
350,350,10,28,7,19,147,software
351,351,17,10,8,0,185,software
352,352,11,1,0,5,114,software
353,353,18,14,0,23,67,software
354,354,1,14,0,3,162,software
355,355,17,8,6,28,205,realestate
356,356,19,15,0,7,81,realestate
357,357,13,19,6,2,96,education
358,358,10,11,7,0,150,software
359,359,0,29,5,8,121,financial
360,360,11,25,9,20,106,retail
361,361,8,26,4,9,177,education
362,362,10,18,7,19,92,realestate
363,363,16,3,0,13,147,retail
364,364,1,17,7,10,210,education
365,365,7,3,0,3,142,financial
366,366,2,26,1,25,199,retail
367,367,10,17,7,14,100,pharmaceutical
368,368,18,10,7,1,73,software
369,369,6,9,4,8,71,education
370,370,1,11,8,6,212,education
371,371,17,29,5,7,203,realestate
372,372,14,21,1,11,184,software
373,373,2,9,6,29,209,realestate
374,374,4,1,6,9,144,education
375,375,12,4,9,7,100,realestate
376,376,13,3,3,11,130,financial
377,377,6,10,4,13,48,software
378,378,6,9,2,0,72,financial
379,379,16,25,2,24,150,retail
380,380,8,12,8,7,118,retail
381,381,7,6,5,3,160,software
382,382,16,2,1,1,159,realestate
383,383,9,22,6,15,105,education
384,384,9,3,4,6,43,pharmaceutical
385,385,5,2,6,28,93,software
386,386,13,15,3,29,122,pharmaceutical
387,387,6,5,9,29,66,education
388,388,17,12,4,26,191,realestate
389,389,19,3,9,25,77,software
390,390,7,26,6,1,154,software
391,391,3,24,8,28,215,pharmaceutical
392,392,8,24,5,12,157,realestate
393,393,19,24,7,23,112,pharmaceutical
394,394,5,18,4,8,103,retail
395,395,19,14,7,17,102,realestate
396,396,4,19,3,25,151,pharmaceutical
397,397,8,23,4,9,145,retail
398,398,9,21,3,24,77,financial
399,399,8,28,6,8,203,software
400,400,3,9,1,8,195,realestate
401,401,0,24,3,19,123,realestate
402,402,7,26,5,6,145,retail
403,403,17,1,8,22,200,realestate
404,404,7,10,3,25,122,software
405,405,6,15,3,4,86,pharmaceutical
406,406,17,21,4,6,187,financial
407,407,18,24,3,28,87,financial
408,408,7,21,5,10,142,software
409,409,16,8,5,25,155,software
410,410,6,7,6,27,68,realestate
411,411,6,23,6,7,82,financial
412,412,7,0,5,5,123,realestate
413,413,2,4,0,12,202,retail
414,414,1,29,1,27,226,retail
415,415,17,27,0,9,186,software
416,416,18,22,0,27,58,retail
417,417,8,20,7,17,195,financial
418,418,2,4,1,19,204,realestate
419,419,13,6,8,9,94,retail
420,420,1,24,0,9,157,education
421,421,2,6,5,20,208,realestate
422,422,0,0,4,16,121,financial
423,423,8,19,9,8,120,software
424,424,17,20,6,9,189,realestate
425,425,11,20,8,0,107,realestate
426,426,2,28,7,22,214,pharmaceutical
427,427,1,3,4,21,187,realestate
428,428,17,27,8,26,189,realestate
429,429,2,8,8,0,219,realestate
430,430,9,5,4,21,85,retail
431,431,16,12,9,6,149,pharmaceutical
432,432,1,27,9,21,188,financial
433,433,9,1,7,12,87,pharmaceutical
434,434,4,23,6,1,184,pharmaceutical
435,435,15,10,4,6,181,education
436,436,11,6,1,22,123,realestate
437,437,17,11,9,28,204,financial
438,438,7,4,8,18,125,education
439,439,15,25,0,17,192,financial
440,440,0,9,2,7,123,software
441,441,14,12,0,17,193,education
442,442,6,3,9,22,52,retail
443,443,0,21,6,24,121,financial
444,444,16,18,8,17,157,retail
445,445,17,26,4,24,183,financial
446,446,17,17,1,18,186,financial
447,447,2,21,9,24,202,financial
448,448,14,10,0,23,198,financial
449,449,7,2,9,3,166,pharmaceutical
450,450,8,22,8,13,165,software
451,451,17,20,8,17,204,realestate
452,452,19,15,4,9,110,retail
453,453,6,11,4,8,62,financial
454,454,17,26,1,1,195,pharmaceutical
455,455,11,5,9,0,122,software
456,456,6,14,6,14,67,realestate
457,457,3,7,9,19,207,financial
458,458,11,4,8,29,93,retail
459,459,9,23,8,4,59,retail
460,460,5,18,7,16,99,pharmaceutical
461,461,11,13,2,9,110,financial
462,462,2,5,5,22,218,financial
463,463,11,17,7,10,99,software
464,464,9,22,4,18,102,financial
465,465,0,29,1,9,121,retail
466,466,5,22,5,11,114,realestate
467,467,6,0,2,18,39,pharmaceutical
468,468,3,13,7,19,173,financial
469,469,10,12,2,11,115,education
470,470,12,1,0,15,104,education
471,471,17,16,5,15,197,pharmaceutical
472,472,7,6,5,0,126,education
473,473,3,12,1,16,210,realestate
474,474,7,2,9,18,152,education
475,475,11,1,9,8,139,software
476,476,9,4,9,8,69,realestate
477,477,0,17,3,17,120,education
478,478,12,11,2,22,96,software
479,479,8,14,1,10,161,software
480,480,6,9,0,13,45,pharmaceutical
481,481,7,7,9,25,165,software
482,482,9,19,9,20,72,pharmaceutical
483,483,10,10,0,2,121,software
484,484,10,2,8,2,127,software
485,485,2,14,4,5,200,retail
486,486,18,5,1,18,97,retail
487,487,9,15,4,9,101,retail
488,488,16,7,6,3,150,realestate
489,489,6,3,0,13,64,realestate
490,490,5,16,5,24,134,software
491,491,7,13,5,20,157,pharmaceutical
492,492,0,22,9,23,123,retail
493,493,1,24,0,11,157,education
494,494,1,15,2,3,183,pharmaceutical
495,495,18,29,4,0,58,retail
496,496,13,19,8,18,146,retail
497,497,5,21,2,12,118,financial
498,498,5,18,8,8,121,realestate
499,499,3,10,4,4,217,retail
500,500,15,18,7,5,180,retail
501,501,6,24,2,27,61,software
502,502,14,29,8,0,183,education
503,503,15,7,8,7,199,education
504,504,16,14,8,13,148,pharmaceutical
505,505,11,12,1,24,116,education
506,506,16,7,6,23,162,realestate
507,507,18,22,2,20,53,realestate
508,508,7,6,8,28,165,realestate
509,509,6,29,1,7,66,pharmaceutical
510,510,10,27,3,16,118,education
511,511,16,9,4,27,160,education
512,512,13,25,0,17,105,financial
513,513,2,10,3,29,201,realestate
514,514,6,14,9,24,73,pharmaceutical
515,515,5,11,8,7,103,realestate
516,516,3,25,0,16,205,realestate
517,517,19,16,7,23,75,education
518,518,15,3,6,14,184,financial
519,519,15,8,2,9,208,pharmaceutical
520,520,1,27,8,26,224,financial
521,521,17,1,5,7,188,education
522,522,14,22,9,7,186,realestate
523,523,4,23,7,22,163,software
524,524,10,13,2,2,142,software
525,525,16,20,6,24,151,software
526,526,0,18,0,7,121,software
527,527,19,23,2,8,84,financial
528,528,15,4,6,21,215,software
529,529,12,5,6,4,92,financial
530,530,17,8,2,6,185,financial
531,531,0,29,3,3,123,retail
532,532,14,24,3,19,178,realestate
533,533,17,27,9,17,202,pharmaceutical
534,534,11,17,3,0,128,realestate
535,535,4,12,7,21,194,pharmaceutical
536,536,15,25,9,5,201,education
537,537,3,9,8,10,203,realestate
538,538,6,17,2,21,47,realestate
539,539,1,0,7,1,187,retail
540,540,1,4,7,20,169,software
541,541,8,4,3,29,118,software
542,542,0,17,0,25,121,software
543,543,4,15,8,22,155,software
544,544,15,11,9,13,208,pharmaceutical
545,545,10,13,0,9,110,financial
546,546,5,8,4,6,127,education
547,547,9,9,0,7,72,software
548,548,2,24,0,18,202,retail
549,549,16,26,9,7,153,realestate
550,550,4,7,9,4,179,pharmaceutical
551,551,4,13,6,29,141,financial
552,552,7,11,1,2,156,software
553,553,1,6,4,1,231,financial
554,554,2,6,1,6,204,financial
555,555,11,21,1,26,98,software
556,556,3,24,6,28,185,software
557,557,10,5,1,2,130,financial
558,558,8,27,1,20,203,financial
559,559,19,22,0,2,75,education
560,560,19,1,9,18,104,realestate
561,561,13,24,1,20,145,education
562,562,1,16,9,4,158,pharmaceutical
563,563,0,17,4,29,123,financial
564,564,14,4,1,2,182,realestate
565,565,14,16,1,0,187,retail
566,566,5,28,3,16,92,financial
567,567,17,6,6,20,190,realestate
568,568,17,10,1,10,195,education
569,569,5,29,9,24,97,retail
570,570,5,24,1,29,121,retail
571,571,1,16,3,2,215,education
572,572,17,21,4,7,204,realestate
573,573,6,29,3,28,49,education
574,574,4,28,9,7,133,pharmaceutical
575,575,17,10,4,24,204,pharmaceutical
576,576,5,3,6,6,98,financial
577,577,10,3,5,16,92,financial
578,578,14,16,9,18,195,financial
579,579,11,10,3,9,129,pharmaceutical
580,580,15,28,8,6,208,realestate
581,581,11,25,8,8,123,education
582,582,9,6,3,1,51,pharmaceutical
583,583,11,16,5,7,110,education
584,584,18,18,6,19,51,retail
585,585,15,16,6,23,183,software
586,586,16,8,5,18,151,education
587,587,8,20,3,5,129,software
588,588,18,7,1,27,92,retail
589,589,9,2,5,18,100,financial
590,590,5,25,5,2,98,education
591,591,14,12,4,6,187,software
592,592,7,25,6,12,152,software
593,593,5,19,8,25,125,pharmaceutical
594,594,16,24,4,22,157,pharmaceutical
595,595,8,24,4,27,131,financial
596,596,5,12,6,25,108,retail
597,597,14,16,3,13,195,education
598,598,18,20,2,14,93,pharmaceutical
599,599,3,28,0,6,209,realestate
600,600,13,0,6,25,118,software
601,601,19,27,1,18,83,software
602,602,0,5,7,9,122,education
603,603,1,9,4,28,186,retail
604,604,5,24,9,12,109,pharmaceutical
605,605,3,22,9,4,174,financial
606,606,15,18,9,13,215,education
607,607,10,2,4,21,143,realestate
608,608,5,25,0,13,110,software
609,609,10,17,5,9,123,retail
610,610,17,12,0,18,194,realestate
611,611,6,24,6,13,52,retail
612,612,10,9,8,15,115,education
613,613,5,16,1,6,134,software
614,614,6,17,9,12,67,education
615,615,4,20,2,24,184,financial
616,616,1,9,2,27,214,retail
617,617,1,16,3,18,201,retail
618,618,5,27,7,13,100,retail
619,619,16,1,1,28,156,software
620,620,4,12,7,8,172,retail
621,621,1,0,2,14,210,retail
622,622,11,1,2,6,93,education
623,623,3,7,2,3,212,retail
624,624,1,21,3,14,223,financial
625,625,18,2,5,7,79,financial
626,626,2,11,0,18,212,education
627,627,11,9,6,28,125,realestate
628,628,16,12,1,26,157,education
629,629,1,20,1,27,186,retail
630,630,17,8,2,20,186,software
631,631,16,10,9,25,162,retail
632,632,11,22,4,24,116,software
633,633,11,21,0,18,138,realestate
634,634,19,0,9,23,82,pharmaceutical
635,635,6,25,3,24,77,pharmaceutical
636,636,6,20,4,4,41,software
637,637,12,27,3,29,103,realestate
638,638,5,24,5,28,119,realestate
639,639,13,27,6,0,142,realestate
640,640,5,2,7,27,107,pharmaceutical
641,641,10,17,9,28,110,retail
642,642,12,11,7,15,94,education
643,643,6,18,6,5,69,realestate
644,644,18,9,6,12,100,education
645,645,5,18,8,25,130,retail
646,646,11,3,9,15,91,software
647,647,14,5,0,18,179,education
648,648,15,20,7,18,196,financial
649,649,13,0,6,5,123,financial
650,650,16,13,4,13,162,realestate
651,651,11,4,7,6,119,software
652,652,5,24,6,29,99,software
653,653,8,16,4,7,187,retail
654,654,15,24,8,8,211,realestate
655,655,12,8,9,1,95,realestate
656,656,4,25,6,9,176,retail
657,657,6,17,0,26,69,realestate
658,658,1,13,5,29,171,software
659,659,14,21,0,29,188,realestate
660,660,7,28,8,26,151,realestate
661,661,10,0,1,15,138,software
662,662,13,23,6,3,131,pharmaceutical
663,663,13,0,7,17,117,financial
664,664,12,11,2,19,99,education
665,665,15,28,5,22,191,pharmaceutical
666,666,19,13,9,25,92,pharmaceutical
667,667,15,22,1,17,216,retail
668,668,8,11,3,20,182,retail
669,669,1,11,7,8,183,pharmaceutical
670,670,7,24,1,18,139,education
671,671,5,16,3,9,130,retail
672,672,5,29,3,7,119,retail
673,673,2,25,5,12,199,retail
674,674,2,11,9,21,204,retail
675,675,4,15,0,28,176,pharmaceutical
676,676,4,27,1,15,179,retail
677,677,9,16,9,16,100,retail
678,678,13,2,3,13,90,financial
679,679,7,13,8,25,129,financial
680,680,19,5,3,6,105,software
681,681,10,0,8,29,106,education
682,682,6,26,4,11,72,pharmaceutical
683,683,4,20,5,19,131,financial
684,684,9,3,4,8,79,education
685,685,4,29,1,23,145,education
686,686,15,3,5,26,219,software
687,687,12,26,9,1,106,pharmaceutical
688,688,1,20,0,27,224,education
689,689,12,0,3,15,96,realestate
690,690,14,14,7,7,197,education
691,691,0,26,0,23,120,financial
692,692,13,3,0,16,143,pharmaceutical
693,693,18,29,7,25,87,financial
694,694,8,6,1,1,175,software
695,695,18,26,9,5,102,education
696,696,15,3,8,20,216,education
697,697,2,26,9,24,217,software
698,698,16,14,9,22,154,education
699,699,17,19,3,22,200,pharmaceutical
700,700,10,21,8,15,89,education
701,701,1,0,5,20,180,realestate
702,702,15,14,9,4,209,software
703,703,1,18,3,17,170,education
704,704,19,26,7,21,105,realestate
705,705,15,15,4,14,212,pharmaceutical
706,706,17,26,7,10,188,realestate
707,707,7,14,4,11,127,retail
708,708,12,15,7,5,95,education
709,709,14,11,6,21,194,retail
710,710,2,15,2,19,199,retail
711,711,1,21,9,21,190,financial
712,712,14,18,1,9,181,education
713,713,16,18,1,18,155,retail
714,714,7,11,3,21,136,pharmaceutical
715,715,19,4,9,29,106,realestate
716,716,11,15,9,3,106,education
717,717,17,2,4,22,203,financial
718,718,4,2,8,4,188,realestate
719,719,2,11,6,6,208,realestate
720,720,14,27,2,13,184,retail
721,721,4,15,7,17,163,financial
722,722,3,10,6,0,172,retail
723,723,17,19,9,9,201,realestate
724,724,19,19,2,3,103,retail
725,725,1,14,3,25,190,software
726,726,17,24,0,20,183,realestate
727,727,11,1,5,19,128,education
728,728,16,15,9,26,158,retail
729,729,5,19,3,10,132,education
730,730,9,9,0,16,43,realestate
731,731,11,3,2,27,104,realestate
732,732,14,12,1,29,182,pharmaceutical
733,733,13,17,6,11,143,financial
734,734,10,1,6,23,126,financial
735,735,19,9,1,22,91,education
736,736,13,14,7,26,99,education
737,737,8,19,1,0,119,financial
738,738,13,22,1,28,118,pharmaceutical
739,739,12,15,0,13,87,retail
740,740,14,13,3,0,179,education
741,741,19,28,1,10,90,education
742,742,19,13,1,17,110,pharmaceutical
743,743,18,27,9,8,80,software
744,744,6,12,2,24,55,retail
745,745,12,26,6,14,104,education
746,746,10,13,3,5,146,financial
747,747,8,18,3,7,205,software
748,748,0,17,1,4,121,pharmaceutical
749,749,8,4,1,25,189,realestate
750,750,3,28,4,1,173,financial
751,751,0,25,3,8,121,education
752,752,5,7,0,21,111,education
753,753,6,4,2,7,53,realestate
754,754,16,17,1,27,154,pharmaceutical
755,755,18,14,8,22,67,financial
756,756,17,2,4,2,196,pharmaceutical
757,757,14,18,0,7,199,realestate
758,758,19,28,1,10,112,financial
759,759,11,14,5,22,108,education
760,760,15,22,5,16,213,education
761,761,10,17,4,22,113,pharmaceutical
762,762,11,25,7,13,107,software
763,763,5,12,2,3,112,software
764,764,18,3,2,5,99,pharmaceutical
765,765,8,1,6,9,197,realestate
766,766,5,5,7,0,134,realestate
767,767,1,17,3,3,188,education
768,768,10,26,2,4,112,education
769,769,0,6,2,22,119,pharmaceutical
770,770,7,3,1,12,129,retail
771,771,2,20,3,8,199,pharmaceutical
772,772,13,17,7,12,124,financial
773,773,1,28,3,4,229,pharmaceutical
774,774,0,15,7,12,121,retail
775,775,4,10,0,14,132,realestate
776,776,6,21,4,1,57,financial
777,777,0,22,0,6,120,realestate
778,778,11,4,4,24,112,software
779,779,8,26,9,28,160,retail
780,780,16,5,5,26,148,software
781,781,5,7,0,13,94,education
782,782,14,18,6,26,188,pharmaceutical
783,783,4,28,6,18,187,financial
784,784,14,19,8,21,179,retail
785,785,15,25,3,15,194,software
786,786,4,25,1,28,157,pharmaceutical
787,787,18,2,4,3,55,financial
788,788,11,13,7,25,103,education
789,789,6,7,8,21,84,pharmaceutical
790,790,8,18,0,24,155,realestate
791,791,0,9,4,18,123,realestate
792,792,17,6,5,8,201,software
793,793,3,18,1,14,217,pharmaceutical
794,794,1,18,8,24,172,software
795,795,16,9,3,22,153,software
796,796,11,4,3,2,99,pharmaceutical
797,797,16,21,1,11,162,software
798,798,18,11,9,13,58,financial
799,799,5,13,7,8,112,financial
800,800,2,3,5,3,215,education
801,801,13,5,2,1,146,software
802,802,14,7,8,28,187,software
803,803,5,23,6,11,119,pharmaceutical
804,804,6,6,6,15,72,education
805,805,8,10,2,10,184,education
806,806,18,8,6,24,95,education
807,807,8,14,9,21,141,education
808,808,18,11,7,26,75,education
809,809,18,8,6,19,82,realestate
810,810,7,3,6,18,123,retail
811,811,19,13,7,2,106,financial
812,812,19,11,1,5,108,retail
813,813,16,18,3,18,146,realestate
814,814,19,8,6,10,104,education
815,815,15,1,9,13,214,realestate
816,816,3,27,7,27,200,education
817,817,1,3,1,7,173,software
818,818,4,11,6,1,159,realestate
819,819,14,22,0,27,186,pharmaceutical
820,820,9,18,3,9,85,software
821,821,1,23,9,13,175,realestate
822,822,3,9,4,15,190,software
823,823,13,22,5,9,108,software
824,824,13,16,5,4,126,financial
825,825,2,22,7,19,205,education
826,826,8,26,1,17,161,realestate
827,827,3,16,8,28,189,financial
828,828,4,17,7,2,189,software
829,829,10,10,9,5,138,software
830,830,3,21,6,26,199,realestate
831,831,17,11,7,5,191,realestate
832,832,2,24,0,22,199,retail
833,833,15,24,9,4,201,education
834,834,19,19,6,24,118,retail
835,835,14,8,8,27,182,financial
836,836,9,8,0,23,84,pharmaceutical
837,837,4,12,0,2,140,retail
838,838,19,13,8,2,115,pharmaceutical
839,839,14,9,6,25,181,education
840,840,11,29,0,25,91,retail
841,841,9,10,9,9,105,financial
842,842,10,12,5,25,124,software
843,843,8,28,3,15,127,financial
844,844,5,27,4,22,121,pharmaceutical
845,845,8,29,4,22,196,pharmaceutical
846,846,4,3,2,21,169,realestate
847,847,9,13,9,11,102,retail
848,848,6,3,6,16,82,financial
849,849,14,3,7,16,199,pharmaceutical
850,850,3,9,8,1,205,realestate
851,851,5,28,0,21,124,retail
852,852,10,15,2,9,118,software
853,853,10,3,1,17,120,software
854,854,0,14,4,10,122,financial
855,855,5,14,3,6,128,financial
856,856,11,1,8,0,121,financial
857,857,17,11,6,15,201,pharmaceutical
858,858,3,3,0,26,209,software
859,859,2,20,6,8,214,retail
860,860,3,1,4,22,178,software
861,861,13,21,8,23,98,financial
862,862,18,22,6,19,96,education
863,863,18,23,9,22,56,education
864,864,5,1,1,9,97,education
865,865,4,28,8,23,146,software
866,866,6,27,3,29,80,financial
867,867,4,27,0,11,177,realestate
868,868,2,3,3,27,206,pharmaceutical
869,869,0,12,7,6,120,realestate
870,870,16,10,4,21,156,education
871,871,2,7,4,0,213,software
872,872,4,4,6,10,191,realestate
873,873,1,0,8,20,193,financial
874,874,15,15,1,2,200,software
875,875,15,1,1,24,207,education
876,876,1,29,8,16,228,financial
877,877,2,21,7,0,219,education
878,878,3,15,8,2,177,software
879,879,6,6,6,14,58,financial
880,880,14,12,0,0,195,retail
881,881,17,23,5,1,193,software
882,882,6,13,1,16,56,financial
883,883,8,29,3,20,148,education
884,884,15,25,2,22,188,retail
885,885,14,16,8,0,179,retail
886,886,7,3,1,3,143,pharmaceutical
887,887,6,23,2,17,80,pharmaceutical
888,888,16,1,1,6,155,education
889,889,19,1,5,19,108,software
890,890,19,21,8,2,111,pharmaceutical
891,891,10,8,0,20,113,realestate
892,892,2,6,1,14,203,pharmaceutical
893,893,15,9,5,16,195,education
894,894,17,3,1,11,199,realestate
895,895,4,3,8,11,178,pharmaceutical
896,896,15,26,9,8,191,education
897,897,17,26,3,17,188,financial
898,898,10,9,2,25,157,pharmaceutical
899,899,12,5,8,17,106,pharmaceutical
900,900,1,10,3,3,175,realestate
901,901,4,15,9,5,150,financial
902,902,6,14,5,17,45,retail
903,903,0,22,1,22,122,software
904,904,1,27,6,10,158,software
905,905,10,20,6,5,114,software
906,906,18,29,2,1,91,financial
907,907,0,23,5,14,123,financial
908,908,12,11,6,12,81,software
909,909,5,24,2,8,115,pharmaceutical
910,910,2,16,3,10,203,pharmaceutical
911,911,2,4,8,14,209,financial
912,912,12,9,5,9,107,pharmaceutical
913,913,10,10,4,6,88,education
914,914,8,3,6,4,120,financial
915,915,9,19,6,5,67,pharmaceutical
916,916,12,0,7,23,104,realestate
917,917,12,25,4,26,81,realestate
918,918,8,18,1,5,189,pharmaceutical
919,919,10,21,1,9,121,financial
920,920,7,25,9,15,159,financial
921,921,4,28,9,26,186,pharmaceutical
922,922,11,25,6,21,101,pharmaceutical
923,923,6,8,5,20,51,financial
924,924,10,4,3,23,89,education
925,925,9,13,8,17,70,pharmaceutical
926,926,6,22,1,2,81,financial
927,927,15,27,5,6,189,software
928,928,5,4,3,13,128,financial
929,929,19,18,2,7,117,realestate
930,930,12,26,0,0,83,pharmaceutical
931,931,17,20,3,13,202,realestate
932,932,1,27,8,14,166,pharmaceutical
933,933,6,27,0,1,46,retail
934,934,15,10,3,8,204,education
935,935,4,1,7,5,153,pharmaceutical
936,936,3,14,8,9,193,software
937,937,16,12,3,3,158,pharmaceutical
938,938,0,6,4,4,122,education
939,939,8,8,4,6,156,software
940,940,6,7,8,15,56,pharmaceutical
941,941,15,5,8,21,207,realestate
942,942,3,25,4,1,217,realestate
943,943,1,13,5,27,212,realestate
944,944,14,15,2,29,195,retail
945,945,17,22,2,13,189,software
946,946,2,1,0,9,206,education
947,947,7,22,5,23,145,pharmaceutical
948,948,13,2,3,25,132,software
949,949,2,7,5,3,213,retail
950,950,15,6,0,13,179,financial
951,951,14,26,6,8,178,retail
952,952,4,20,5,21,154,software
953,953,5,7,8,14,134,realestate
954,954,12,11,8,29,83,pharmaceutical
955,955,15,20,9,1,192,pharmaceutical
956,956,3,3,4,17,208,software
957,957,7,26,7,24,159,software
958,958,15,18,4,4,218,education
959,959,7,25,2,11,155,education
960,960,14,9,6,6,195,education
961,961,17,27,4,17,184,financial
962,962,19,26,1,15,74,retail
963,963,15,17,8,24,178,pharmaceutical
964,964,19,27,6,5,85,pharmaceutical
965,965,12,5,7,21,86,retail
966,966,5,9,4,6,128,software
967,967,1,19,1,28,221,retail
968,968,12,4,9,3,106,software
969,969,19,16,4,22,89,software
970,970,5,10,7,23,107,pharmaceutical
971,971,11,22,9,28,131,realestate
972,972,11,12,8,3,131,financial
973,973,10,6,1,5,153,financial
974,974,0,5,2,22,121,software
975,975,7,12,6,19,134,retail
976,976,2,7,9,18,213,software
977,977,18,6,9,13,80,financial
978,978,16,26,5,26,148,education
979,979,11,27,1,26,123,retail
980,980,18,26,0,24,56,financial
981,981,13,23,0,2,97,pharmaceutical
982,982,16,17,1,11,158,pharmaceutical
983,983,10,20,2,18,97,pharmaceutical
984,984,19,22,2,14,114,pharmaceutical
985,985,12,1,5,9,100,realestate
986,986,17,1,6,7,200,pharmaceutical
987,987,4,27,9,6,179,software
988,988,9,6,5,0,87,realestate
989,989,12,27,8,17,82,education
990,990,2,14,9,0,212,education
991,991,11,27,4,6,92,financial
992,992,2,9,5,5,202,pharmaceutical
993,993,3,15,1,25,207,education
994,994,7,26,9,4,143,software
995,995,15,13,9,29,207,pharmaceutical
996,996,11,22,9,3,119,education
997,997,3,22,2,14,185,software
998,998,10,18,1,4,142,education
999,999,13,25,9,3,106,software
1000,1000,2,0,3,14,212,pharmaceutical
1001,1001,8,10,0,25,153,education
1002,1002,12,9,0,1,99,pharmaceutical
1003,1003,16,3,2,25,157,financial
1004,1004,6,11,4,3,40,financial
1005,1005,14,10,3,24,193,pharmaceutical
1006,1006,7,18,5,6,127,education
1007,1007,0,22,7,26,122,retail
1008,1008,7,1,3,7,163,education
1009,1009,6,2,2,25,43,financial
1010,1010,4,2,2,11,176,software
1011,1011,7,3,3,7,156,pharmaceutical
1012,1012,14,2,0,11,196,retail
1013,1013,12,8,9,12,82,software
1014,1014,3,4,4,24,204,software
1015,1015,2,3,1,23,206,education
1016,1016,5,24,9,26,101,retail
1017,1017,19,4,2,0,106,pharmaceutical
1018,1018,11,15,1,25,107,retail
1019,1019,14,14,4,22,181,financial
1020,1020,11,28,1,13,129,education
1021,1021,17,21,1,28,203,financial
1022,1022,1,15,6,19,184,retail
1023,1023,13,17,4,3,138,realestate
1024,1024,13,22,3,4,93,pharmaceutical
1025,1025,1,18,0,28,231,software
1026,1026,5,12,2,13,110,software
1027,1027,13,18,9,17,130,software
1028,1028,13,2,7,11,115,realestate
1029,1029,10,4,5,13,153,financial
1030,1030,0,1,9,25,121,realestate
1031,1031,2,7,5,3,215,software
1032,1032,17,20,9,20,184,software
1033,1033,14,15,1,3,192,education
1034,1034,14,21,5,26,186,pharmaceutical
1035,1035,7,19,2,25,147,retail
1036,1036,9,11,5,4,70,software
1037,1037,4,29,7,25,136,financial
1038,1038,19,29,7,25,108,education
1039,1039,3,7,4,15,202,software
1040,1040,18,28,6,21,86,software
1041,1041,3,25,4,21,167,financial
1042,1042,17,19,3,2,189,education
1043,1043,3,12,1,3,179,retail
1044,1044,14,12,9,13,186,retail
1045,1045,17,2,4,1,189,financial
1046,1046,12,0,4,23,88,education
1047,1047,2,15,1,14,206,education
1048,1048,1,1,7,3,169,pharmaceutical
1049,1049,13,11,9,8,87,education
1050,1050,6,11,8,23,86,pharmaceutical
1051,1051,8,15,0,8,198,software
1052,1052,10,10,8,0,151,retail
1053,1053,1,15,2,22,200,pharmaceutical
1054,1054,15,10,2,18,218,realestate
1055,1055,11,27,1,22,132,education
1056,1056,16,19,1,6,150,retail
1057,1057,3,9,5,21,209,retail
1058,1058,5,5,9,15,126,software
1059,1059,3,19,3,1,187,retail
1060,1060,12,9,8,13,97,retail
1061,1061,10,27,9,3,137,pharmaceutical
1062,1062,9,29,6,15,51,retail
1063,1063,14,20,9,8,179,pharmaceutical
1064,1064,7,1,9,3,144,education
1065,1065,1,29,4,2,164,realestate
1066,1066,18,20,4,18,98,realestate
1067,1067,17,10,3,21,190,pharmaceutical
1068,1068,10,28,7,15,128,financial
1069,1069,12,28,1,29,88,financial
1070,1070,11,29,0,22,107,software
1071,1071,18,18,2,13,77,pharmaceutical
1072,1072,2,17,1,4,217,software
1073,1073,15,25,9,10,194,education
1074,1074,17,15,8,28,197,pharmaceutical
1075,1075,6,1,4,15,56,financial
1076,1076,6,16,5,24,66,education
1077,1077,17,25,2,21,202,software
1078,1078,15,23,2,3,182,software
1079,1079,14,20,1,1,178,software
1080,1080,19,9,1,20,76,retail
1081,1081,14,12,9,9,193,pharmaceutical
1082,1082,9,25,9,3,83,education
1083,1083,6,21,7,3,65,software
1084,1084,14,20,2,26,186,realestate
1085,1085,13,4,8,22,105,pharmaceutical
1086,1086,3,16,0,10,196,education
1087,1087,3,19,9,26,179,realestate
1088,1088,6,1,9,1,38,education
1089,1089,1,16,1,24,177,financial
1090,1090,18,26,7,22,88,education
1091,1091,19,14,5,19,75,financial
1092,1092,2,29,4,12,212,retail
1093,1093,15,28,3,1,201,software
1094,1094,19,29,9,13,101,education
1095,1095,3,15,5,11,212,software
1096,1096,2,14,6,4,201,education
1097,1097,1,11,9,10,185,realestate
1098,1098,9,8,2,2,49,pharmaceutical
1099,1099,9,26,0,5,53,education
1100,1100,6,24,1,3,86,realestate
1101,1101,17,4,1,26,199,retail
1102,1102,17,23,6,24,190,realestate
1103,1103,15,29,9,28,178,retail
1104,1104,7,6,5,15,146,retail
1105,1105,9,2,4,5,79,retail
1106,1106,12,2,4,5,96,pharmaceutical
1107,1107,16,17,9,19,146,software
1108,1108,10,9,4,28,96,software
1109,1109,12,20,7,10,102,realestate
1110,1110,0,6,0,24,123,software
1111,1111,14,26,9,7,194,financial
1112,1112,16,23,3,21,161,financial
1113,1113,10,16,9,22,158,realestate
1114,1114,0,27,4,10,119,financial
1115,1115,1,29,2,10,160,realestate
1116,1116,11,22,7,21,92,realestate
1117,1117,13,22,3,0,113,realestate
1118,1118,11,7,0,27,140,education
1119,1119,7,11,2,5,160,retail
1120,1120,3,13,5,1,200,software
1121,1121,4,14,3,11,160,software
1122,1122,1,1,8,14,181,education
1123,1123,5,19,8,9,111,retail
1124,1124,13,15,9,23,101,education
1125,1125,16,15,7,12,162,retail
1126,1126,4,6,7,29,169,retail
1127,1127,18,21,2,24,86,pharmaceutical
1128,1128,17,8,3,17,197,realestate
1129,1129,6,6,0,14,74,retail
1130,1130,6,0,6,4,80,realestate
1131,1131,3,21,6,22,192,financial
1132,1132,4,3,3,14,195,realestate
1133,1133,13,8,9,8,136,education
1134,1134,16,24,3,1,151,financial
1135,1135,12,20,5,13,82,retail
1136,1136,17,27,1,2,200,financial
1137,1137,13,6,8,22,100,financial
1138,1138,15,7,5,5,205,retail
1139,1139,14,28,0,0,191,financial
1140,1140,17,7,0,24,188,retail
1141,1141,5,19,1,23,113,software
1142,1142,15,7,7,6,206,realestate
1143,1143,17,3,3,21,191,retail
1144,1144,2,2,8,0,219,pharmaceutical
1145,1145,17,3,9,24,203,education
1146,1146,4,4,7,13,165,pharmaceutical
1147,1147,16,25,1,17,155,realestate
1148,1148,4,26,9,21,154,financial
1149,1149,13,28,1,22,90,realestate
1150,1150,14,16,4,23,193,pharmaceutical
1151,1151,4,8,8,24,138,software
1152,1152,16,5,6,0,148,retail
1153,1153,10,23,1,21,120,pharmaceutical
1154,1154,2,1,1,25,207,education
1155,1155,16,10,5,20,146,education
1156,1156,1,19,5,5,181,retail
1157,1157,18,10,4,1,90,financial
1158,1158,14,11,8,4,187,retail
1159,1159,7,11,9,12,160,financial
1160,1160,13,13,7,14,104,pharmaceutical
1161,1161,12,12,2,3,85,retail
1162,1162,2,22,2,16,210,realestate
1163,1163,8,13,4,21,205,education
1164,1164,18,5,6,29,71,pharmaceutical
1165,1165,9,15,7,16,66,financial
1166,1166,16,9,2,2,150,software
1167,1167,15,2,2,21,201,financial
1168,1168,17,17,8,12,205,software
1169,1169,0,15,4,5,119,retail
1170,1170,6,2,8,7,75,education
1171,1171,19,5,8,10,76,realestate
1172,1172,0,24,1,24,119,pharmaceutical
1173,1173,13,13,0,3,110,retail
1174,1174,16,20,1,5,158,pharmaceutical
1175,1175,9,29,9,23,44,realestate
1176,1176,8,8,8,27,205,pharmaceutical
1177,1177,0,12,2,17,121,realestate
1178,1178,5,8,3,7,125,financial
1179,1179,16,19,6,29,152,financial
1180,1180,7,3,8,21,163,software
1181,1181,8,26,0,1,120,pharmaceutical
1182,1182,4,24,5,7,191,financial
1183,1183,15,18,4,21,195,education
1184,1184,15,2,6,12,183,financial
1185,1185,9,21,8,25,58,education
1186,1186,19,17,6,12,83,software
1187,1187,8,19,2,11,129,financial
1188,1188,0,12,5,13,122,software
1189,1189,1,23,0,15,189,retail
1190,1190,0,21,7,11,120,software
1191,1191,6,18,1,18,69,financial
1192,1192,9,23,3,20,59,financial
1193,1193,16,6,0,1,157,retail
1194,1194,0,20,0,5,121,education
1195,1195,19,7,8,19,91,software
1196,1196,10,3,0,17,142,education
1197,1197,8,14,5,16,139,software
1198,1198,4,17,6,2,146,financial
1199,1199,17,29,9,22,183,education
1200,1200,10,16,5,21,101,pharmaceutical
1201,1201,8,5,3,1,156,pharmaceutical
1202,1202,16,7,7,7,157,realestate
1203,1203,15,8,2,0,189,software
1204,1204,3,19,9,19,189,education
1205,1205,15,4,2,6,201,software
1206,1206,7,26,1,16,158,financial
1207,1207,4,13,4,3,192,financial
1208,1208,19,22,2,18,74,software
1209,1209,13,27,1,7,89,pharmaceutical
1210,1210,14,3,7,10,194,pharmaceutical
1211,1211,16,26,9,4,155,pharmaceutical
1212,1212,18,12,0,9,93,software
1213,1213,18,13,2,16,77,education
1214,1214,13,2,6,0,102,financial
1215,1215,2,3,1,9,212,financial
1216,1216,14,3,8,0,187,education
1217,1217,4,28,7,2,166,realestate
1218,1218,11,27,3,15,120,software
1219,1219,10,4,4,25,120,education
1220,1220,4,12,1,27,139,realestate
1221,1221,0,20,1,0,121,realestate
1222,1222,14,2,4,26,194,realestate
1223,1223,19,21,0,20,77,financial
1224,1224,5,13,8,6,133,pharmaceutical
1225,1225,12,11,8,19,104,software
1226,1226,17,12,0,27,200,pharmaceutical
1227,1227,13,17,9,11,98,realestate
1228,1228,5,25,6,3,109,realestate
1229,1229,12,24,9,20,95,realestate
1230,1230,18,6,3,25,72,retail
1231,1231,18,12,7,15,63,education
1232,1232,12,18,9,12,89,education
1233,1233,3,8,6,9,206,education
1234,1234,10,18,8,27,115,pharmaceutical
1235,1235,19,25,2,9,98,software
1236,1236,10,18,9,16,98,realestate
1237,1237,0,17,1,14,120,pharmaceutical
1238,1238,5,8,4,19,132,retail
1239,1239,4,17,6,15,157,realestate
1240,1240,1,27,6,22,214,realestate
1241,1241,10,0,9,13,104,retail
1242,1242,0,8,7,28,119,financial
1243,1243,8,13,4,5,197,retail
1244,1244,5,0,4,12,140,education
1245,1245,17,21,2,15,202,retail
1246,1246,16,9,1,11,146,retail
1247,1247,6,18,2,4,64,financial
1248,1248,5,12,6,2,131,pharmaceutical
1249,1249,15,6,7,4,180,pharmaceutical
1250,1250,8,23,5,16,173,retail
1251,1251,17,16,0,28,195,realestate
1252,1252,19,11,2,28,112,retail
1253,1253,4,2,2,23,186,software
1254,1254,7,23,3,2,161,software
1255,1255,10,17,6,22,141,software
1256,1256,17,15,1,28,183,financial
1257,1257,18,3,4,14,93,education
1258,1258,12,15,3,12,79,education
1259,1259,17,10,6,4,195,retail
1260,1260,6,17,0,2,70,retail
1261,1261,6,6,4,15,39,software
1262,1262,13,13,1,10,123,realestate
1263,1263,14,3,0,10,191,retail
1264,1264,15,3,5,26,196,software
1265,1265,7,2,7,23,123,realestate
1266,1266,11,9,4,10,102,education
1267,1267,11,2,9,28,106,realestate
1268,1268,17,3,7,3,186,realestate
1269,1269,12,16,5,0,84,retail
1270,1270,4,6,6,12,140,realestate
1271,1271,15,29,1,5,210,retail
1272,1272,16,18,9,15,158,pharmaceutical
1273,1273,10,15,1,6,104,realestate
1274,1274,14,7,3,25,195,realestate
1275,1275,5,24,7,0,139,realestate
1276,1276,2,27,7,8,206,financial
1277,1277,15,21,6,4,204,financial
1278,1278,19,5,7,13,110,pharmaceutical
1279,1279,11,20,7,29,109,financial
1280,1280,2,12,3,6,203,education
1281,1281,15,6,3,15,200,education
1282,1282,2,12,2,20,201,software
1283,1283,9,2,8,15,62,pharmaceutical
1284,1284,2,16,8,27,209,realestate
1285,1285,13,17,3,24,119,software
1286,1286,1,1,4,18,196,education
1287,1287,19,15,3,12,105,retail
1288,1288,14,29,3,21,183,retail
1289,1289,9,18,2,28,88,financial
1290,1290,6,9,0,3,58,education
1291,1291,0,15,7,7,119,financial
1292,1292,19,26,0,16,75,pharmaceutical
1293,1293,1,27,8,16,208,retail
1294,1294,17,19,7,28,201,financial
1295,1295,1,14,4,29,158,realestate
1296,1296,8,27,2,4,174,education
1297,1297,18,13,9,8,70,software
1298,1298,0,7,8,6,120,retail
1299,1299,1,21,4,0,212,financial
1300,1300,19,11,0,27,97,realestate
1301,1301,18,28,5,4,57,realestate
1302,1302,5,0,3,6,99,realestate
1303,1303,10,24,4,7,130,pharmaceutical
1304,1304,7,27,7,25,119,education
1305,1305,13,6,6,28,98,pharmaceutical
1306,1306,9,14,4,10,78,education
1307,1307,6,2,0,6,61,realestate
1308,1308,19,15,5,26,97,financial
1309,1309,5,4,0,23,128,education
1310,1310,13,1,1,10,91,software
1311,1311,8,7,3,25,205,software
1312,1312,11,26,3,18,111,financial
1313,1313,14,24,9,16,190,education
1314,1314,6,21,3,19,67,retail
1315,1315,3,23,1,24,198,retail
1316,1316,4,3,0,19,158,pharmaceutical
1317,1317,14,19,5,11,195,pharmaceutical
1318,1318,11,20,5,1,109,realestate
1319,1319,10,7,1,14,102,software
1320,1320,10,25,7,27,105,financial
1321,1321,13,4,3,25,137,realestate
1322,1322,19,16,5,8,71,education
1323,1323,9,20,3,25,69,retail
1324,1324,10,18,0,10,139,financial
1325,1325,6,15,9,7,58,financial
1326,1326,6,8,4,27,86,realestate
1327,1327,6,20,7,20,80,software
1328,1328,2,24,3,5,218,software
1329,1329,3,23,1,21,184,pharmaceutical
1330,1330,4,7,4,1,160,financial
1331,1331,4,26,5,10,174,financial
1332,1332,9,0,5,12,77,realestate
1333,1333,7,12,5,24,139,retail
1334,1334,1,10,0,12,232,realestate
1335,1335,1,5,5,9,170,software
1336,1336,7,11,7,28,123,realestate
1337,1337,7,19,5,16,122,financial
1338,1338,0,27,4,18,122,retail
1339,1339,16,4,5,7,153,pharmaceutical
1340,1340,10,22,1,21,107,software
1341,1341,10,21,0,9,118,financial
1342,1342,6,2,5,9,55,education
1343,1343,15,11,7,24,197,pharmaceutical
1344,1344,3,12,1,22,183,realestate
1345,1345,6,3,8,18,53,education
1346,1346,8,18,4,12,157,retail
1347,1347,19,7,6,1,91,pharmaceutical
1348,1348,12,0,4,13,80,software
1349,1349,16,5,7,23,162,pharmaceutical
1350,1350,13,13,4,26,132,education
1351,1351,18,2,4,10,93,education
1352,1352,16,19,5,6,154,retail
1353,1353,3,15,4,2,203,education
1354,1354,10,20,7,11,97,software
1355,1355,12,1,3,9,86,education
1356,1356,12,12,3,23,85,financial
1357,1357,5,15,5,18,132,pharmaceutical
1358,1358,8,18,7,12,161,software
1359,1359,15,28,5,23,182,retail
1360,1360,10,0,7,27,116,education
1361,1361,10,29,8,22,104,education
1362,1362,0,19,4,15,122,education
1363,1363,17,22,1,19,188,realestate
1364,1364,11,6,4,28,95,realestate
1365,1365,11,11,3,26,123,financial
1366,1366,6,14,0,15,64,retail
1367,1367,16,26,6,25,158,software
1368,1368,18,21,5,4,58,education
1369,1369,12,22,6,4,106,financial
1370,1370,4,2,9,6,187,software
1371,1371,2,8,8,10,199,pharmaceutical
1372,1372,5,16,8,27,121,pharmaceutical
1373,1373,3,1,2,13,202,financial
1374,1374,10,1,1,17,125,realestate
1375,1375,15,14,1,16,202,financial
1376,1376,19,29,2,3,94,education
1377,1377,6,29,2,24,80,financial
1378,1378,15,2,5,19,219,software
1379,1379,19,4,3,13,107,financial
1380,1380,9,17,1,27,58,realestate
1381,1381,2,26,8,29,204,financial
1382,1382,15,22,8,3,215,software
1383,1383,13,12,0,8,114,retail
1384,1384,1,3,4,10,225,pharmaceutical
1385,1385,1,25,1,12,205,retail
1386,1386,15,21,4,4,180,pharmaceutical
1387,1387,2,17,0,18,210,financial
1388,1388,17,16,3,26,197,education
1389,1389,1,15,0,23,186,pharmaceutical
1390,1390,7,20,0,10,143,pharmaceutical
1391,1391,3,16,7,12,186,realestate
1392,1392,2,29,1,11,218,education
1393,1393,0,9,5,19,123,realestate
1394,1394,3,1,3,13,203,education
1395,1395,2,26,9,7,215,financial
1396,1396,1,6,9,18,171,software
1397,1397,18,16,7,22,91,education
1398,1398,17,20,3,11,185,realestate
1399,1399,15,7,6,5,199,software
1400,1400,3,27,2,3,216,financial
1401,1401,5,7,0,25,119,realestate
1402,1402,8,19,2,12,128,education
1403,1403,0,18,2,25,123,retail
1404,1404,12,28,0,9,99,financial
1405,1405,12,7,5,1,89,software
1406,1406,1,19,6,18,226,software
1407,1407,19,21,7,11,113,pharmaceutical
1408,1408,14,20,7,13,181,education
1409,1409,6,26,3,8,79,software
1410,1410,3,17,9,6,172,software
1411,1411,5,25,3,14,112,education
1412,1412,4,23,2,4,149,financial
1413,1413,2,5,1,25,217,financial
1414,1414,5,28,1,28,102,retail
1415,1415,9,23,2,9,78,realestate
1416,1416,19,27,8,18,84,financial
1417,1417,13,12,6,27,139,software
1418,1418,7,12,6,28,147,financial
1419,1419,6,5,4,9,41,financial
1420,1420,5,20,1,2,138,software
1421,1421,11,24,3,5,127,pharmaceutical
1422,1422,7,0,1,8,127,education
1423,1423,1,14,3,17,214,software
1424,1424,0,15,6,27,121,pharmaceutical
1425,1425,11,8,6,7,92,retail
1426,1426,18,7,3,22,89,pharmaceutical
1427,1427,14,27,7,29,196,realestate
1428,1428,18,0,0,29,83,financial
1429,1429,15,14,5,8,186,realestate
1430,1430,3,17,0,1,192,realestate
1431,1431,18,7,3,21,72,financial
1432,1432,10,28,1,16,128,pharmaceutical
1433,1433,13,8,4,26,90,software
1434,1434,17,4,6,14,186,pharmaceutical
1435,1435,11,9,8,13,136,retail
1436,1436,13,23,6,28,134,retail
1437,1437,16,14,3,23,148,software
1438,1438,15,19,3,17,183,financial
1439,1439,1,11,5,25,216,software
1440,1440,16,27,9,28,160,financial
1441,1441,6,25,3,2,56,software
1442,1442,17,16,6,29,198,realestate
1443,1443,13,10,9,6,133,software
1444,1444,13,28,9,13,92,software
1445,1445,18,0,0,29,103,financial
1446,1446,2,15,2,12,210,software
1447,1447,19,10,2,10,85,realestate
1448,1448,9,3,0,6,55,software
1449,1449,9,25,0,20,45,realestate
1450,1450,14,4,8,8,183,software
1451,1451,4,24,9,8,171,education
1452,1452,7,15,0,0,130,realestate
1453,1453,3,10,2,19,210,financial
1454,1454,8,27,1,28,160,software
1455,1455,18,9,1,8,71,retail
1456,1456,7,6,2,11,133,education
1457,1457,5,18,0,19,93,pharmaceutical
1458,1458,0,24,7,29,119,education
1459,1459,6,1,6,7,65,realestate
1460,1460,3,0,4,17,202,financial
1461,1461,18,8,0,26,89,retail
1462,1462,2,19,1,6,219,retail
1463,1463,1,0,3,11,198,retail
1464,1464,12,28,3,5,101,retail
1465,1465,12,21,6,17,78,pharmaceutical
1466,1466,18,14,5,2,91,pharmaceutical
1467,1467,14,14,6,3,199,realestate
1468,1468,18,10,4,1,98,retail
1469,1469,8,11,7,14,137,pharmaceutical
1470,1470,0,9,0,1,121,realestate
1471,1471,11,2,3,18,117,education
1472,1472,1,25,7,14,177,realestate
1473,1473,2,12,0,9,205,financial
1474,1474,13,13,7,26,146,pharmaceutical
1475,1475,18,20,6,10,98,financial
1476,1476,12,4,0,29,85,pharmaceutical
1477,1477,10,6,6,16,94,software
1478,1478,12,7,6,22,86,realestate
1479,1479,19,22,8,17,89,retail
1480,1480,19,27,4,18,115,retail
1481,1481,19,7,1,7,112,retail
1482,1482,3,1,8,1,170,education
1483,1483,17,20,6,24,193,education
1484,1484,4,21,0,11,159,retail
1485,1485,0,8,7,21,120,financial
1486,1486,10,24,9,27,110,realestate
1487,1487,11,29,4,17,140,realestate
1488,1488,16,10,0,17,157,realestate
1489,1489,5,22,0,23,125,retail
1490,1490,6,14,9,4,69,financial
1491,1491,13,26,5,18,95,pharmaceutical
1492,1492,12,3,0,23,95,retail
1493,1493,1,1,8,9,187,education
1494,1494,4,9,7,10,179,financial
1495,1495,7,0,9,12,130,education
1496,1496,0,24,5,22,121,pharmaceutical
1497,1497,2,5,0,22,217,realestate
1498,1498,0,3,3,6,122,software
1499,1499,10,3,9,2,142,pharmaceutical
1500,1500,4,13,0,29,165,education
1501,1501,0,19,8,3,120,pharmaceutical
1502,1502,16,8,6,24,161,financial
1503,1503,18,0,4,24,78,software
1504,1504,2,3,4,11,214,software
1505,1505,2,22,5,1,209,pharmaceutical
1506,1506,18,5,7,22,72,pharmaceutical
1507,1507,4,18,5,29,141,realestate
1508,1508,4,10,3,25,155,retail
1509,1509,7,14,1,22,124,retail
1510,1510,18,15,9,19,94,pharmaceutical
1511,1511,17,21,9,21,199,realestate
1512,1512,9,19,3,28,66,retail
1513,1513,6,2,1,26,48,financial
1514,1514,3,24,8,1,191,education
1515,1515,5,23,7,7,98,realestate
1516,1516,0,6,0,3,123,software
1517,1517,7,10,2,22,157,retail
1518,1518,17,11,7,18,188,software
1519,1519,14,23,0,16,194,education
1520,1520,9,21,3,13,45,education
1521,1521,11,16,3,28,122,financial
1522,1522,15,26,5,4,187,financial
1523,1523,8,0,7,14,121,realestate
1524,1524,13,5,0,20,114,education
1525,1525,10,2,3,12,138,financial
1526,1526,15,22,3,18,197,retail
1527,1527,2,14,5,24,218,education
1528,1528,2,18,4,21,219,financial
1529,1529,15,2,1,22,209,pharmaceutical
1530,1530,14,21,7,5,195,education
1531,1531,10,23,1,25,91,education
1532,1532,19,12,6,14,99,financial
1533,1533,7,27,5,14,139,financial
1534,1534,8,9,0,29,196,software
1535,1535,10,14,6,26,159,realestate
1536,1536,10,11,3,2,144,financial
1537,1537,7,1,6,9,154,financial
1538,1538,5,21,8,7,102,education
1539,1539,4,22,8,2,141,realestate
1540,1540,6,28,0,7,66,financial
1541,1541,1,15,9,29,227,pharmaceutical
1542,1542,12,5,2,8,83,pharmaceutical
1543,1543,1,29,3,15,188,pharmaceutical
1544,1544,12,1,3,28,84,financial
1545,1545,7,9,9,5,135,pharmaceutical
1546,1546,13,12,1,29,100,education
1547,1547,2,16,4,22,215,pharmaceutical
1548,1548,11,14,1,23,123,realestate
1549,1549,8,26,1,28,156,education
1550,1550,6,19,7,9,60,education
1551,1551,4,7,5,5,183,education
1552,1552,0,8,2,10,120,realestate
1553,1553,19,19,8,3,104,financial
1554,1554,4,20,6,8,147,education
1555,1555,10,24,7,26,135,education
1556,1556,2,0,0,17,217,retail
1557,1557,6,10,7,8,58,pharmaceutical
1558,1558,17,11,5,29,187,education
1559,1559,4,29,3,14,155,software
1560,1560,19,20,9,4,104,financial
1561,1561,11,11,1,10,115,financial
1562,1562,1,22,0,25,194,pharmaceutical
1563,1563,14,2,1,3,187,financial
1564,1564,3,25,0,1,205,pharmaceutical
1565,1565,6,18,6,11,83,retail
1566,1566,10,13,4,15,141,financial
1567,1567,7,17,8,19,134,pharmaceutical
1568,1568,1,18,5,29,202,retail
1569,1569,0,2,4,24,122,financial
1570,1570,13,13,4,20,107,education
1571,1571,9,21,3,20,79,realestate
1572,1572,14,2,1,6,198,realestate
1573,1573,4,17,6,4,163,retail
1574,1574,15,10,6,9,185,software
1575,1575,3,17,4,9,183,education
1576,1576,7,29,5,19,138,financial
1577,1577,4,3,5,2,146,realestate
1578,1578,14,11,8,14,181,pharmaceutical
1579,1579,10,16,5,11,143,realestate
1580,1580,5,1,1,28,125,financial
1581,1581,2,3,5,29,203,realestate
1582,1582,7,11,4,27,130,education
1583,1583,9,25,4,26,47,software
1584,1584,17,14,1,24,199,financial
1585,1585,13,16,7,20,142,realestate
1586,1586,5,26,8,10,116,financial
1587,1587,15,15,5,0,180,retail
1588,1588,14,27,7,13,186,realestate
1589,1589,8,6,2,2,163,pharmaceutical
1590,1590,16,23,0,14,156,financial
1591,1591,11,1,1,22,140,financial
1592,1592,17,28,4,10,189,software
1593,1593,10,22,8,2,89,education
1594,1594,5,4,8,12,128,financial
1595,1595,11,14,6,11,109,education
1596,1596,11,5,4,16,140,pharmaceutical
1597,1597,17,22,6,12,199,software
1598,1598,7,15,6,18,140,financial
1599,1599,9,17,6,15,85,realestate
1600,1600,15,9,1,16,209,realestate
1601,1601,17,3,4,14,205,pharmaceutical
1602,1602,15,9,9,29,189,software
1603,1603,12,17,7,18,79,realestate
1604,1604,8,1,0,10,155,realestate
1605,1605,19,16,9,6,89,pharmaceutical
1606,1606,5,10,3,4,110,education
1607,1607,15,27,7,24,190,education
1608,1608,19,23,3,1,89,education
1609,1609,15,4,8,19,201,pharmaceutical
1610,1610,5,4,9,2,139,realestate
1611,1611,1,11,3,11,212,realestate
1612,1612,17,16,0,24,188,pharmaceutical
1613,1613,14,8,0,10,187,software
1614,1614,9,24,7,25,69,retail
1615,1615,1,8,3,13,194,pharmaceutical
1616,1616,10,21,9,9,104,realestate
1617,1617,18,23,7,7,80,financial
1618,1618,17,3,6,24,186,software
1619,1619,12,24,3,15,89,financial
1620,1620,14,16,0,13,179,pharmaceutical
1621,1621,17,14,7,1,184,pharmaceutical
1622,1622,10,17,6,23,103,education
1623,1623,5,22,2,7,116,retail
1624,1624,6,15,0,13,40,realestate
1625,1625,13,24,4,19,139,realestate
1626,1626,5,20,3,27,136,retail
1627,1627,0,11,3,19,122,financial
1628,1628,13,15,2,23,86,retail
1629,1629,19,22,7,12,74,retail
1630,1630,7,17,7,13,164,realestate
1631,1631,8,12,2,11,111,realestate
1632,1632,1,5,8,21,214,realestate
1633,1633,10,16,9,14,100,realestate
1634,1634,14,28,2,22,199,pharmaceutical
1635,1635,8,18,9,25,144,financial
1636,1636,3,1,4,29,175,financial
1637,1637,15,9,0,21,184,software
1638,1638,11,20,9,24,111,realestate
1639,1639,13,21,2,12,97,education
1640,1640,18,21,6,18,73,software
1641,1641,10,13,2,28,136,pharmaceutical
1642,1642,3,5,2,29,190,pharmaceutical
1643,1643,10,17,7,7,93,pharmaceutical
1644,1644,8,4,4,18,154,education
1645,1645,8,4,0,3,151,pharmaceutical
1646,1646,0,7,7,28,120,pharmaceutical
1647,1647,16,19,0,3,151,education
1648,1648,17,28,6,3,188,pharmaceutical
1649,1649,4,14,7,23,143,education
1650,1650,16,20,9,8,153,realestate
1651,1651,4,7,6,25,144,software
1652,1652,6,11,5,17,69,education
1653,1653,13,9,8,1,96,financial
1654,1654,6,19,5,8,52,pharmaceutical
1655,1655,7,3,3,19,122,financial
1656,1656,2,22,3,9,202,education
1657,1657,15,13,2,25,180,retail
1658,1658,5,24,2,21,108,education
1659,1659,14,15,0,29,185,retail
1660,1660,15,2,0,13,199,education
1661,1661,13,4,2,4,115,realestate
1662,1662,19,8,2,7,88,software
1663,1663,16,20,9,16,161,financial
1664,1664,14,6,0,28,185,retail
1665,1665,15,23,0,14,206,education
1666,1666,15,22,0,16,205,realestate
1667,1667,17,17,8,11,197,education
1668,1668,13,22,0,17,125,software
1669,1669,15,29,6,7,210,retail
1670,1670,9,13,5,13,103,retail
1671,1671,0,2,9,25,120,retail
1672,1672,18,24,1,16,95,education
1673,1673,11,26,0,5,128,education
1674,1674,7,27,8,13,151,realestate
1675,1675,1,2,6,10,225,pharmaceutical
1676,1676,2,14,9,19,210,education
1677,1677,19,6,1,1,117,software
1678,1678,1,19,0,24,177,education
1679,1679,13,12,4,2,143,retail
1680,1680,5,9,1,12,133,education
1681,1681,1,29,0,5,179,software
1682,1682,11,3,9,8,136,education
1683,1683,12,0,1,7,88,pharmaceutical
1684,1684,6,2,7,14,77,financial
1685,1685,7,19,9,25,141,education
1686,1686,7,6,6,4,128,financial
1687,1687,9,14,5,0,92,realestate
1688,1688,11,12,2,28,137,realestate
1689,1689,16,28,6,17,154,software
1690,1690,6,6,5,10,45,realestate
1691,1691,8,2,3,14,125,realestate
1692,1692,9,22,0,27,53,retail
1693,1693,11,5,6,14,122,education
1694,1694,17,1,1,24,198,financial
1695,1695,0,0,1,2,122,education
1696,1696,14,2,0,15,180,retail
1697,1697,4,24,5,9,183,pharmaceutical
1698,1698,9,5,7,29,44,retail
1699,1699,8,21,4,29,169,retail
1700,1700,8,19,6,16,183,pharmaceutical
1701,1701,8,15,2,3,171,realestate
1702,1702,15,9,0,27,219,financial
1703,1703,2,23,3,11,215,education
1704,1704,3,14,3,21,178,realestate
1705,1705,9,23,7,18,103,retail
1706,1706,2,1,2,4,207,software
1707,1707,11,20,0,18,124,realestate
1708,1708,7,10,9,0,139,software
1709,1709,12,19,9,12,79,software
1710,1710,18,7,6,1,95,software
1711,1711,2,1,7,27,218,pharmaceutical
1712,1712,19,21,7,1,87,retail
1713,1713,12,10,9,19,85,retail
1714,1714,6,23,8,19,65,financial
1715,1715,11,29,1,16,118,retail
1716,1716,9,7,7,19,73,financial
1717,1717,16,13,0,15,158,software
1718,1718,7,7,2,11,151,retail
1719,1719,19,26,8,14,117,software
1720,1720,7,13,7,20,127,software
1721,1721,0,28,3,26,121,software
1722,1722,4,0,0,1,178,realestate
1723,1723,7,9,2,2,126,realestate
1724,1724,13,21,8,17,86,retail
1725,1725,4,3,3,10,186,financial
1726,1726,10,21,1,1,111,retail
1727,1727,2,29,8,26,200,realestate
1728,1728,18,25,8,23,95,software
1729,1729,14,27,5,2,178,realestate
1730,1730,9,27,1,11,69,software
1731,1731,8,1,6,25,119,pharmaceutical
1732,1732,1,26,9,23,208,software
1733,1733,2,6,3,19,199,realestate
1734,1734,1,27,0,14,176,retail
1735,1735,9,2,8,18,46,realestate
1736,1736,7,15,9,29,137,pharmaceutical
1737,1737,12,14,3,16,80,financial
1738,1738,19,20,6,15,80,education
1739,1739,3,23,6,5,213,retail
1740,1740,10,12,8,22,103,financial
1741,1741,3,28,7,4,186,financial
1742,1742,0,19,0,18,120,retail
1743,1743,17,23,9,29,189,education
1744,1744,1,13,1,0,207,financial
1745,1745,1,9,1,25,168,financial
1746,1746,8,24,6,2,190,software
1747,1747,5,6,9,13,117,realestate
1748,1748,5,13,5,3,107,pharmaceutical
1749,1749,8,9,5,23,152,realestate
1750,1750,13,2,2,23,110,financial
1751,1751,9,7,5,11,105,education
1752,1752,17,9,9,1,187,financial
1753,1753,7,23,8,8,132,education
1754,1754,10,24,0,15,135,education
1755,1755,18,11,0,19,98,retail
1756,1756,5,7,8,0,96,education
1757,1757,13,25,2,28,100,education
1758,1758,19,15,7,19,98,software
1759,1759,5,9,4,24,97,retail
1760,1760,9,20,9,4,45,pharmaceutical
1761,1761,3,6,3,11,179,retail
1762,1762,10,18,5,16,154,financial
1763,1763,2,5,9,14,205,pharmaceutical
1764,1764,19,5,1,20,74,software
1765,1765,17,8,6,5,187,education
1766,1766,0,24,6,5,122,software
1767,1767,7,3,2,0,145,financial
1768,1768,8,0,0,29,207,software
1769,1769,17,11,1,7,189,pharmaceutical
1770,1770,15,16,8,21,195,financial
1771,1771,14,26,9,16,191,education
1772,1772,0,10,3,6,121,financial
1773,1773,7,29,5,18,145,realestate
1774,1774,8,4,5,24,119,financial
1775,1775,12,10,9,18,81,retail
1776,1776,1,12,2,27,230,software
1777,1777,4,20,0,14,152,retail
1778,1778,14,17,2,1,189,pharmaceutical
1779,1779,11,13,3,23,95,software
1780,1780,4,19,6,21,168,financial
1781,1781,18,26,9,6,67,software
1782,1782,4,27,0,22,174,pharmaceutical
1783,1783,3,11,7,29,195,education
1784,1784,14,11,6,6,199,retail
1785,1785,6,29,4,16,67,realestate
1786,1786,1,9,5,27,157,financial
1787,1787,17,27,9,14,204,education
1788,1788,14,27,8,13,184,retail
1789,1789,13,25,2,17,135,financial
1790,1790,14,23,9,8,191,financial
1791,1791,8,24,1,18,157,realestate
1792,1792,15,23,1,24,180,software
1793,1793,17,11,3,24,188,financial
1794,1794,17,16,5,29,194,realestate
1795,1795,9,15,1,2,43,education
1796,1796,12,22,9,18,88,financial
1797,1797,12,7,5,2,98,financial
1798,1798,14,19,6,11,190,retail
1799,1799,18,17,4,1,51,pharmaceutical
1800,1800,17,10,7,1,188,financial
1801,1801,14,22,7,10,181,software
1802,1802,6,24,2,4,59,pharmaceutical
1803,1803,15,3,5,18,197,realestate
1804,1804,13,23,7,3,119,retail
1805,1805,13,24,1,1,98,realestate
1806,1806,12,27,5,8,96,retail
1807,1807,13,3,1,11,132,software
1808,1808,7,21,0,6,137,realestate
1809,1809,14,11,7,19,179,realestate
1810,1810,19,18,1,14,118,education
1811,1811,12,23,5,3,96,pharmaceutical
1812,1812,10,13,8,17,127,financial
1813,1813,11,15,5,28,107,realestate
1814,1814,2,25,2,9,212,pharmaceutical
1815,1815,0,21,8,14,121,pharmaceutical
1816,1816,0,27,1,19,123,realestate
1817,1817,15,0,1,16,178,education
1818,1818,8,13,5,15,117,education
1819,1819,1,17,7,7,190,pharmaceutical
1820,1820,8,29,6,21,184,retail
1821,1821,2,19,5,20,201,pharmaceutical
1822,1822,4,26,1,3,142,education
1823,1823,4,7,0,14,140,education
1824,1824,12,10,7,21,95,education
1825,1825,7,20,8,18,146,realestate
1826,1826,14,5,5,0,182,education
1827,1827,1,11,5,4,182,financial
1828,1828,2,28,5,28,212,realestate
1829,1829,12,16,1,7,110,software
1830,1830,0,5,4,21,121,financial
1831,1831,11,24,6,7,127,realestate
1832,1832,18,13,7,15,53,realestate
1833,1833,13,5,7,2,139,education
1834,1834,7,16,5,23,121,financial
1835,1835,10,17,5,16,104,financial
1836,1836,5,14,0,29,127,pharmaceutical
1837,1837,4,10,7,13,188,realestate
1838,1838,5,28,8,25,139,retail
1839,1839,9,0,3,11,43,financial
1840,1840,1,22,1,5,210,realestate
1841,1841,5,2,3,12,121,realestate
1842,1842,0,24,5,5,121,pharmaceutical
1843,1843,17,1,6,12,195,education
1844,1844,9,15,3,6,99,software
1845,1845,18,9,5,20,100,software
1846,1846,6,28,9,25,41,software
1847,1847,10,9,8,12,124,pharmaceutical
1848,1848,9,23,4,12,81,pharmaceutical
1849,1849,8,24,8,10,157,realestate
1850,1850,12,16,4,13,107,education
1851,1851,9,29,9,23,46,realestate
1852,1852,7,25,1,1,150,retail
1853,1853,2,28,7,3,203,retail
1854,1854,14,25,2,5,188,financial
1855,1855,13,29,4,23,132,retail
1856,1856,1,16,0,7,169,financial
1857,1857,5,22,0,20,98,retail
1858,1858,16,18,6,15,158,pharmaceutical
1859,1859,15,17,6,6,202,pharmaceutical
1860,1860,10,10,8,12,128,software
1861,1861,8,22,4,16,132,realestate
1862,1862,11,12,6,11,97,realestate
1863,1863,6,26,4,8,57,software
1864,1864,8,4,7,13,137,software
1865,1865,1,12,9,17,225,software
1866,1866,2,0,0,3,216,realestate
1867,1867,16,29,2,3,146,software
1868,1868,12,20,9,1,102,pharmaceutical
1869,1869,18,12,5,22,76,pharmaceutical
1870,1870,8,20,2,1,147,education
1871,1871,9,25,4,20,82,pharmaceutical
1872,1872,17,3,6,22,204,retail
1873,1873,11,16,6,22,98,realestate
1874,1874,12,4,0,2,103,education
1875,1875,17,29,4,3,195,retail
1876,1876,15,15,8,13,210,pharmaceutical
1877,1877,9,25,5,0,100,retail
1878,1878,16,17,4,1,160,realestate
1879,1879,8,4,1,1,146,financial
1880,1880,1,23,6,6,179,education
1881,1881,8,19,9,26,142,financial
1882,1882,12,8,4,5,80,financial
1883,1883,9,14,7,27,53,education
1884,1884,14,8,5,2,183,realestate
1885,1885,1,8,5,29,177,software
1886,1886,6,29,3,29,75,realestate
1887,1887,19,19,9,13,114,retail
1888,1888,13,6,1,27,129,financial
1889,1889,15,12,6,18,215,pharmaceutical
1890,1890,7,7,3,25,167,financial
1891,1891,14,1,3,1,187,retail
1892,1892,12,9,0,25,104,retail
1893,1893,17,22,6,13,198,pharmaceutical
1894,1894,1,25,0,12,217,financial
1895,1895,7,24,2,16,145,realestate
1896,1896,6,10,9,25,75,education
1897,1897,14,23,9,5,178,realestate
1898,1898,4,20,3,21,141,retail
1899,1899,4,9,0,11,172,pharmaceutical
1900,1900,5,11,6,18,130,software
1901,1901,1,11,1,19,171,education
1902,1902,3,15,1,25,177,financial
1903,1903,15,29,8,10,219,pharmaceutical
1904,1904,6,1,5,10,74,retail
1905,1905,15,8,8,2,182,realestate
1906,1906,16,20,6,12,149,software
1907,1907,4,15,3,17,163,realestate
1908,1908,18,19,9,5,73,education
1909,1909,10,14,7,16,153,financial
1910,1910,4,25,4,5,172,realestate
1911,1911,13,1,1,1,117,retail
1912,1912,18,15,8,14,85,education
1913,1913,19,23,8,20,99,financial
1914,1914,13,3,1,1,130,education
1915,1915,2,11,5,6,214,realestate
1916,1916,7,10,3,10,142,education
1917,1917,0,3,8,18,121,software
1918,1918,6,9,2,21,57,software
1919,1919,10,12,5,27,157,education
1920,1920,8,19,6,11,144,retail
1921,1921,14,26,4,23,184,financial
1922,1922,0,24,8,4,119,education
1923,1923,19,10,2,15,115,financial
1924,1924,11,1,1,29,140,pharmaceutical
1925,1925,11,26,9,3,134,software
1926,1926,15,24,2,15,195,education
1927,1927,6,3,5,23,52,education
1928,1928,0,16,6,26,121,realestate
1929,1929,16,28,4,3,150,pharmaceutical
1930,1930,9,26,0,15,58,retail
1931,1931,3,14,6,4,168,software
1932,1932,1,25,6,23,188,realestate
1933,1933,5,29,8,12,103,education
1934,1934,16,21,1,28,160,retail
1935,1935,8,10,7,29,183,retail
1936,1936,5,13,4,29,110,software
1937,1937,1,16,2,2,219,software
1938,1938,3,26,4,15,205,realestate
1939,1939,3,22,3,24,185,realestate
1940,1940,4,18,9,21,191,education
1941,1941,5,9,4,23,127,realestate
1942,1942,6,28,3,22,48,education
1943,1943,2,0,1,10,199,pharmaceutical
1944,1944,14,9,3,24,178,software
1945,1945,9,11,6,26,57,pharmaceutical
1946,1946,6,4,0,18,53,financial
1947,1947,3,28,3,10,180,education
1948,1948,8,3,2,12,149,financial
1949,1949,7,5,4,14,128,software
1950,1950,16,10,9,12,148,software
1951,1951,2,5,4,23,217,retail
1952,1952,15,28,7,19,213,education
1953,1953,9,13,8,13,64,education
1954,1954,15,0,3,18,203,financial
1955,1955,9,28,6,13,64,financial
1956,1956,9,29,5,20,74,software
1957,1957,17,19,2,0,198,retail
1958,1958,18,11,9,6,74,financial
1959,1959,7,17,7,25,151,retail
1960,1960,19,5,4,10,117,software
1961,1961,3,19,6,18,186,financial
1962,1962,8,1,9,5,174,education
1963,1963,12,19,3,23,108,realestate
1964,1964,4,18,1,9,175,pharmaceutical
1965,1965,7,11,2,29,166,financial
1966,1966,6,25,5,10,38,retail
1967,1967,11,25,1,3,99,pharmaceutical
1968,1968,8,4,2,9,197,realestate
1969,1969,5,25,2,27,109,pharmaceutical
1970,1970,10,15,1,12,103,retail
1971,1971,9,25,9,9,57,software
1972,1972,1,9,2,14,182,pharmaceutical
1973,1973,19,27,4,22,103,education
1974,1974,14,1,9,17,181,education
1975,1975,15,27,8,20,212,financial
1976,1976,4,15,0,29,189,software
1977,1977,6,22,0,11,86,education
1978,1978,8,1,9,25,130,pharmaceutical
1979,1979,5,25,8,1,105,financial
1980,1980,1,11,2,15,217,retail
1981,1981,2,26,0,18,202,education
1982,1982,6,13,9,11,49,education
1983,1983,3,16,6,8,179,retail
1984,1984,16,25,7,7,147,education
1985,1985,11,21,5,4,99,pharmaceutical
1986,1986,11,4,1,20,127,realestate
1987,1987,9,18,2,6,53,software
1988,1988,12,6,8,5,103,software
1989,1989,12,6,5,17,91,retail
1990,1990,12,4,8,4,107,realestate
1991,1991,5,22,8,24,124,education
1992,1992,17,15,0,19,184,software
1993,1993,11,14,8,18,103,pharmaceutical
1994,1994,18,11,3,3,69,software
1995,1995,3,22,8,24,197,software
1996,1996,6,1,6,10,46,software
1997,1997,15,1,5,15,204,education
1998,1998,4,2,8,24,190,software
1999,1999,6,17,2,16,83,realestate
